"Match Number","Team Number","Is the robot on the field?","Leave","Auto algae remove","Auto Algae Missed","Auto Processor Scored","Auto Net Scored","Auto L4 Coral","Auto L3 Coral","Auto L2 Coral","Auto L1 Coral","Auto Coral Missed","Did this team remove algae?","Algae Missed","Processor scored","Net scored","L4 Coral","L3 Coral","L2 Coral","L1 Coral","Coral Missed","Climb Status","Did this robot defend?","Did the robot break?","Did the bot seem like it performed at its peak capacity?",""
1,9567,"Y","Y","Y","","","","","","",1,"","Y","",2,"","","","",2,"","Shallow Climb","Not at all","",2,""
60,3826,"Y","Y","N","","","","","","",1,"","N","",4,"","","","","","","Deep Climb","Partially","",4,""
60,4513,"Y","Y","N","","","",2,"","","","","Y","","","",2,4,4,1,3,"Deep Climb","Not at all","",4,""
59,9567,"Y","Y","Y","","","","","","",1,"","Y","",6,"","","","","","","Shallow Climb","Not at all","",4,""
59,492,"Y","Y","Y","","","","","","","","","Y","","","",4,2,3,"","","Deep Climb","Not at all","",4,""
59,5468,"Y","Y","N","","","",1,"","","","","N","","","",4,5,3,"","","Deep Climb","Not at all","",5,""
59,9036,"Y","Y","N","","","","","","",1,0,"Y","","","",4,4,2,"",2,"No Climb","Not at all","",4,""
58,6443,"Y","Y","N","","","","","","","",1,"N","","","","","","","","","Deep Climb","Entire match","",2,""
60,2930,"Y","Y","N","","","",2,"","","",1,"Y","","","",6,5,4,"","","Deep Climb","Not at all","",5,""
58,9446,"Y","Y","N","","","",1,"","","",0,"N","","","","",1,2,"",1,"No Climb","Partially","Minor Break",2,""
57,3574,"Y","Y","N","","","","","","","",1,"N","","","","","",2,"",3,"No Climb","Not at all","Minor Break",3,""
57,2976,"Y","Y","N","","","",1,"","","",2,"Y","","","",1,3,1,"",4,"No Climb","Not at all","Minor Break",3,""
57,360,"Y","Y","N","","","",2,"","","","","Y","",2,4,1,3,1,1,1,"No Climb","Not at all","",4,""
57,4512,"Y","Y","N","","","",3,"","","","","N","","","",3,7,5,1,1,"No Climb","Not at all","",5,""
56,997,"Y","Y","N","","","","","","","",1,"Y","",2,"","",1,3,"",2,"No Climb","Not at all","",3,""
56,10079,"Y","Y","N","","","",3,"","","","","Y","","","",2,6,3,2,3,"No Climb","Not at all","",4,""
56,955,"Y","Y","N","","","",3,0,"","","","N",0,"","",3,5,2,"",1,"No Climb","Partially","Minor Break",3,""
58,2046,"Y","Y","N","","","",2,"","","","","Y",1,2,3,6,5,3,"",1,"Deep Climb","Not at all","",5,""
61,4450,"Y","Y","N","","","","","","","","","N","",1,"",0,"",4,"",1,"No Climb","Not at all","",3,""
61,6696,"Y","Y","N","","","",2,0,"","","","Y","","",4,1,2,2,2,"","No Climb","Not at all","",4,""
61,4469,"Y","Y","N","","","",2,"","","","","Y","","","",4,4,2,"","","No Climb","Not at all","",4,""
67,3826,"Y","Y","N","","","",0,"","","","","Y","",3,"","","","","","","Deep Climb","Partially","",2,""
66,1318,"Y","Y","N","","","",1,"","","","","Y","","",2,2,2,2,3,1,"No Climb","Not at all","",4,""
66,4915,"Y","Y","N","","","",3,"","","","","Y","","","",5,1,1,3,"","No Climb","Not at all","",4,""
66,6343,"Y","Y","N","","","",1,"","","","","N","","","",2,1,3,2,3,"No Climb","Not at all","",4,""
65,9442,"Y","Y","N","","","","","","","","","Y","","","",4,7,4,3,2,"No Climb","Not at all","",5,""
65,488,"Y","Y","N","","","",2,"","","","","Y","","","",7,7,"","",1,"No Climb","Not at all","",5,""
65,4131,"Y","Y","N","","","","","","",1,"","N","",3,"","","","","","","No Climb","Not at all","Minor Break",1,""
64,2046,"Y","Y","N","","","",3,"","","","","Y",2,2,1,4,5,3,"","","Deep Climb","Not at all","",5,""
64,2471,"Y","Y","N","","","",2,"","","","","Y","",1,"","",7,3,"",2,"No Climb","Not at all","",5,""
64,1540,"Y","N","N","","","","","","","",1,"Y",1,"",2,2,4,3,1,2,"Deep Climb","Not at all","",4,""
63,997,"Y","Y","N","","","","","","","","","N","","","",5,"",1,"",1,"No Climb","Not at all","",2,""
63,9446,"Y","Y","N","","","","","","","","","Y","",2,"",5,"","",1,"","No Climb","Not at all","",4,""
63,3574,"Y","Y","N","","","","","","","","","Y","","","","",1,"",1,1,"Deep Climb","Not at all","",2,""
62,7034,"Y","Y","N","","","",2,"","","",1,"N","","","",4,4,2,"",1,"Deep Climb","Not at all","",3,""
62,2557,"Y","Y","N","","",2,"","","","","","N","",2,5,"","","",7,"","No Climb","Not at all","",5,""
62,4512,"Y","Y","N","","","",3,"","","","","Y","","","",4,3,7,"",1,"No Climb","Not at all","",5,""
61,3674,"Y","Y","N","","","","","","","","","N","","","",1,5,5,0,2,"Deep Climb","Not at all","",5,""
56,2412,"Y","Y","N","","","",1,"","","","","Y","",1,"",5,1,1,"","","No Climb","Not at all","Minor Break",5,""
55,6696,"Y","Y","N","","","",2,"","","","","Y","","",3,5,6,1,"","","No Climb","Not at all","",5,""
55,7034,"Y","Y","N","","","",2,"","","","","N","","","",4,1,"","",2,"Deep Climb","Not at all","",4,""
55,2522,"Y","Y","N","","","",1,"","",1,"","Y","","","",5,6,4,1,1,"Deep Climb","Not at all","",4,""
50,2412,"Y","Y","N","","","",1,"","","","","Y","","","",4,5,2,2,1,"Deep Climb","Not at all","",4,""
49,4131,"Y","Y","N","","","","","","",1,"","N","",5,"","","","","","","No Climb","Not at all","Major Break",2,""
49,955,"Y","Y","N","","","",3,"","","","","N","","","",3,5,6,"",1,"No Climb","Not at all","",5,""
49,997,"Y","Y","N","","","",0,"","","","","N","","","",2,5,4,"",1,"No Climb","Not at all","",5,""
49,3636,"Y","N","N","","","","","","","","","Y","","",2,6,6,1,"","","No Climb","Not at all","",4,""
48,1778,"Y","Y","N","","","",2,"","","","","Y","",0,2,4,7,6,5,2,"No Climb","Not at all","",4,""
48,9446,"Y","Y","N","","","","","","","","","N","","","","",3,2,"","","No Climb","Not at all","",3,""
48,10079,"Y","Y","N","","","",3,"","","","","Y","","","",3,4,2,"",6,"No Climb","Not at all","",4,""
47,10416,"Y","Y","N","","","",1,"","","","","Y","","","","",3,"","","","No Climb","Not at all","",1,""
47,2930,"Y","Y","N","","","",3,"","","","","N","",2,"",4,3,3,3,"","No Climb","Not at all","",3,""
47,2976,"Y","Y","N","","","","","","",1,2,"Y","","","",1,"",1,1,5,"No Climb","Not at all","",3,""
47,4469,"Y","Y","N","","","",1,"","","","","Y",1,"",1,1,6,1,1,"","No Climb","Not at all","",4,""
46,2522,"Y","Y","N","","","",3,"","","","","Y","","","",3,4,5,4,1,"Deep Climb","Not at all","",5,""
46,7034,"Y","Y","N","","","",3,"","","","","Y","","","",3,2,2,1,1,"Deep Climb","Not at all","",4,""
46,360,"Y","Y","N","","","",1,"","","",2,"Y","",3,"",1,2,1,"",5,"No Climb","Not at all","",3,""
46,2471,"Y","Y","N","","","","","","","","","Y",1,2,1,"",3,1,3,4,"Deep Climb","Not at all","Minor Break",4,""
45,957,"Y","Y","N","","","",2,"","",1,"","N","","","",6,2,3,"",1,"Deep Climb","Not at all","",5,""
50,492,"Y","N","N","","","","","","","",2,"N","","","",5,2,"","",2,"No Climb","Not at all","",3,""
67,6443,"Y","Y","N","","","",1,"","","","","N","","","",2,3,2,"","","No Climb","Not at all","",4,""
50,4512,"Y","Y","N","","","",3,"","","","","Y","","",1,4,3,1,"",0,"No Climb","Not at all","",4,""
51,4450,"Y","Y","Y","","",2,1,"","","","","Y",1,"",2,1,1,1,"","","Deep Climb","Not at all","Minor Break",3,""
55,4131,"Y","N","N","","","","","","","",1,"N","",6,"","",0,"","","","No Climb","Not at all","",4,""
55,6696,"Y","N","N","","","",2,"","","","","Y","",0,3,3,6,1,"","","No Climb","Not at all","",4,""
54,1318,"Y","Y","N","","","",1,"","","","","Y","","",3,"",3,1,5,"","Deep Climb","Not at all","",5,""
54,4043,"Y","Y","N","","","",1,"","","","","Y","","","",1,6,1,1,"","No Climb","Not at all","",4,""
54,2930,"Y","Y","N","","","",3,"","","","","N",2,2,"",4,3,4,"","","Deep Climb","Not at all","",4,""
54,1778,"Y","N","N","","","",2,"","","","","N",1,"",2,"",3,3,1,"","No Climb","Not at all","",4,""
53,3674,"Y","Y","N","","","",0,"","",0,2,"Y","","","",6,2,2,1,1,"Deep Climb","Not at all","",4,""
53,4915,"Y","Y","N","","","",3,"","","","","Y","","","",4,5,4,1,1,"No Climb","Not at all","",5,""
53,9036,"Y","Y","N","","","","","","",1,"","N","","","",3,"",5,"",2,"No Climb","Not at all","",4,""
53,2471,"Y","Y","Y","","","","",2,"","","","Y","","",1,"",3,1,1,3,"No Climb","Not at all","",4,""
52,4513,"Y","Y","N","","","",1,"","",1,1,"Y","","","",1,4,5,2,"","Deep Climb","Not at all","",4,""
52,5468,"Y","Y","N","","","",1,"","","","","Y","","","",6,6,1,"",1,"Deep Climb","Not at all","",4,""
52,6343,"Y","N","N","","","","","","","",1,"N","","","",2,"","",3,3,"Deep Climb","Not at all","",3,""
52,3826,"Y","Y","N","","","","","","",1,"","N",1,7,"","","","","",0,"No Climb","Not at all","",3,""
51,2910,"Y","Y","Y","","","",2,1,"","",1,"Y","",2,4,7,6,4,"","","Deep Climb","Not at all","",5,""
51,2557,"Y","Y","Y",2,"","","","","","","","Y",2,2,4,"","","",4,1,"Deep Climb","Not at all","",5,""
51,4061,"Y","N","N","","","","",3,"","","","N","","","","",3,1,4,1,"No Climb","Not at all","",3,""
50,9450,"Y","Y","N","","","",1,1,"",1,1,"Y","","",4,1,3,3,3,"","Deep Climb","Not at all","",4,""
45,1540,"Y","Y","N","","","",2,"","","",1,"Y","","",1,1,7,1,5,3,"Deep Climb","Not at all","",4,""
67,2930,"Y","Y","N","","","",2,"","","",1,"Y","","","",5,5,5,"",3,"Deep Climb","Not at all","",4,""
68,4125,"Y","Y","N","","","","","","",1,"","Y","",7,"","","","","","","No Climb","Not at all","",5,""
84,4469,"Y","Y","N","","","",1,"","","","","Y","","",2,3,4,5,"","","No Climb","Not at all","",5,""
84,1540,"Y","Y","N","","","",2,"","","","","Y","","",2,4,2,4,"",3,"Deep Climb","Not at all","",5,""
84,2471,"Y","Y","N","","","","","","","",1,"Y","",2,"","",7,4,"","","Deep Climb","Not at all","",5,""
83,9567,"Y","Y","Y","","","","","","",1,"","Y","",5,"","","","","","","No Climb","Not at all","",4,""
83,4450,"Y","Y","Y","",0,1,1,"","","","","Y",1,2,"",1,3,"","",2,"No Climb","Not at all","",4,""
83,1318,"Y","Y","N","","","",2,"","","","","Y","","",1,3,4,4,"",1,"Deep Climb","Not at all","",5,""
83,7034,"Y","Y","N","","","",3,"","","","","Y","","","",4,5,2,"",1,"No Climb","Not at all","",4,""
84,3218,"Y","Y","Y","","","",1,"","","","","N","",2,"",4,3,1,"","","No Climb","Not at all","",4,""
82,6696,"Y","Y","N",1,"",1,"","","","","","Y",2,"",2,1,1,1,"","","No Climb","Not at all","Major Break",2,""
82,5937,"Y","Y","Y",2,"","","","","","","","Y","",2,6,"","","","","","No Climb","Not at all","",4,""
82,2046,"Y","Y","N","","","",3,"","","","","Y","",2,"",2,5,5,2,2,"Deep Climb","Not at all","",5,""
81,2910,"Y","Y","N","","","",3,"","","",1,"Y",1,"",4,7,4,2,6,2,"Deep Climb","Not at all","",5,""
81,10079,"Y","Y","N","","","",2,"","","","","N","",4,"","",1,5,1,"","No Climb","Not at all","",4,""
81,4131,"Y","Y","N","","","","","","",1,"","N","",1,"","","","","","","Deep Climb","Partially","",2,""
81,2976,"Y","Y","N","","","",1,"","","","","N","","","","",4,2,"",3,"No Climb","Not at all","",3,""
80,5468,"Y","Y","N","","","",3,"","","","","Y","","","",4,7,5,"","","Deep Climb","Not at all","",5,""
82,4043,"Y","Y","N","","","",2,"","","","","N","","","",3,6,3,"","","Deep Climb","Not at all","",4,""
85,3674,"Y","Y","N","","","",1,"","","",2,"N","","","",2,8,4,"",1,"Deep Climb","Not at all","",5,""
85,9446,"Y","N","N","","","","","","","","","Y","","","","","","","",3,"No Climb","Not at all","Major Break",2,""
85,957,"Y","Y","N","","","",1,"","","","","Y","","","",5,2,1,3,"","Deep Climb","Not at all","",5,""
69,1425,"Y","Y","N","","","",3,"","","","","Y","","","",3,5,3,1,"","Deep Climb","Not at all","",5,""
68,4125,"Y","Y","N","","","","","","",1,"","Y",1,7,"","","","","","","No Climb","Not at all","",4,""
67,3826,"Y","Y","N","","","","","","","","","Y",1,2,"","","","","","","Deep Climb","Partially","",3,""
66,6343,"Y","Y","N","","","",1,"","","","","N","","","",1,2,3,"",4,"No Climb","Not at all","",3,""
65,4131,"Y","Y","N","","","","","","",1,"","N","",4,"","","","","","","No Climb","Partially","Minor Break",1,""
64,1540,"Y","Y","N","","","","","","","",1,"Y",1,"",2,2,5,3,1,1,"Deep Climb","Not at all","",5,""
63,3574,"Y","Y","N","","","","","","","","","Y","","","","",1,"",2,"","Deep Climb","Not at all","",2,""
39,1540,"Y","Y","N","","","",1,"","","","","Y","",2,"",1,6,5,"",2,"Deep Climb","Not at all","",5,""
38,10079,"Y","Y","N","","","",1,"","","","","N","","","","","","","","","No Climb","Partially","Minor Break",2,""
37,6696,"Y","Y","Y","","",1,1,"","","","","Y","","",1,3,3,4,"",3,"No Climb","Not at all","",4,""
36,4512,"Y","Y","N","","","",2,"","","","","N","","","",2,3,2,"",1,"No Climb","Not at all","",2,""
35,2557,"Y","Y","Y",1,0,0,"","","","",1,"Y",1,"",4,"","","",10,"","No Climb","Not at all","",5,""
34,2412,"Y","Y","N","","","",2,"","","","","Y","",1,"",2,4,3,"","","No Climb","Not at all","",4,""
33,6443,"Y","Y","N","","","","","","","",1,"Y",1,"","",1,"",1,"","","Deep Climb","Not at all","",4,""
32,2522,"Y","Y","N","","","",2,"","","","","Y","","","","",4,4,3,1,"Deep Climb","Not at all","Minor Break",2,""
31,957,"Y","N","N","","","",3,"","","","","Y","","","",3,4,4,3,"","Deep Climb","Not at all","",5,""
85,360,"Y","Y","N","","","",1,"","","","","N",1,4,2,2,"","","",3,"Deep Climb","Not at all","",5,""
80,9446,"Y","Y","N","","","","","","","","","N","","","",3,1,"","",4,"No Climb","Not at all","",2,""
80,492,"Y","Y","N","","","","","","","",1,"N","","","","","","",4,1,"No Climb","Not at all","",2,""
79,3674,"Y","Y","N","","","",2,"","","",1,"N","","","",10,2,"","",1,"Deep Climb","Not at all","",4,""
79,2557,"Y","Y","Y",1,"",1,"","","","","","N",1,2,3,"","","",4,1,"Deep Climb","Not at all","",4,""
74,2471,"Y","N","N","","","","",1,"","","","Y","",0,"",1,4,4,0,3,"Deep Climb","Not at all","",4,""
73,2522,"Y","N","N","","","",3,"","","","","Y","","","",2,4,6,4,2,"No Climb","Not at all","",5,""
73,1318,"Y","Y","N","","","",1,"","","","","Y","","",2,2,5,2,1,0,"Deep Climb","Not at all","",5,""
73,4915,"Y","N","N","","","",1,"","","","","N","","","",1,"",1,6,3,"No Climb","Not at all","",2,""
72,3574,"Y","Y","N","","","","","","","","","N","","","","","","",1,"","Deep Climb","Entire match","",2,""
72,6831,"Y","Y","Y","","","","",1,"","","","Y","","","","",1,"",1,3,"No Climb","Not at all","",2,""
72,948,"Y","Y","N","","","",1,"","","",1,"Y","","","",4,2,2,"",3,"Deep Climb","Not at all","",4,""
72,9023,"Y","Y","N","","","",3,"","","","","Y","",2,"",4,8,5,"","","No Climb","Not at all","",4,""
71,2147,"Y","Y","Y","","",1,1,"","","","","Y","",1,"",3,2,1,1,1,"Deep Climb","Not at all","",4,""
71,955,"Y","Y","N","","","",3,"","","","","N","","","","",4,6,1,"","No Climb","Not at all","",3,""
70,3218,"Y","Y","Y","","","",1,"","","","","N","",3,"",3,4,4,"","","No Climb","Not at all","",5,""
70,5468,"Y","Y","Y","","","",3,"","","","","Y","","","",5,8,3,1,"","Deep Climb","Not at all","",4,""
70,4131,"Y","N","N","","","","","","","","","N","",8,"","","","","","","Deep Climb","Not at all","",3,""
69,7034,"Y","Y","N","","","",3,"","","","","N","","","",5,6,2,"","","No Climb","Not at all","",5,""
69,1425,"Y","Y","N","","","",3,"","","","","N","","","",2,4,4,1,"","Deep Climb","Not at all","",5,""
69,9446,"Y","Y","N","","","","","","","","","Y","",2,"",1,"",3,"",1,"No Climb","Not at all","",4,""
68,3663,"Y","Y","N","","","",2,"","","",1,"Y","",1,"",2,5,4,"",2,"Deep Climb","Not at all","",4,""
74,4043,"Y","Y","N","","","","","","","",1,"N","","","","","","","","","Deep Climb","Entire match","",2,""
68,9036,"Y","Y","N","","","","","","","","","N","","","",4,2,4,"",1,"No Climb","Not at all","",4,""
74,2976,"Y","Y","N","","","",1,"","","",1,"N","","","",3,"",0,1,3,"No Climb","Not at all","",2,""
75,6696,"Y","Y","N","","","",1,"","","","","Y","","",2,4,5,4,2,2,"No Climb","Not at all","",4,""
79,2930,"Y","Y","N","","","",3,"","","","","N","","","",4,4,3,"",2,"No Climb","Not at all","",5,""
79,6831,"Y","Y","N","","","","","",1,1,"","Y","","","","",5,4,"","","No Climb","Not at all","",3,""
78,3663,"Y","Y","N","","","",3,"","","","","Y","",1,"",7,5,4,0,0,"No Climb","Not at all","",5,""
78,4061,"Y","Y","Y","","","","",2,"","",1,"N","","","","",7,6,"",1,"No Climb","Not at all","",5,""
78,4469,"Y","Y","N","","","",1,"","","","","Y","","",1,"",7,5,"","","No Climb","Not at all","",5,""
78,10416,"Y","Y","N","","","",1,"","","","","Y","","","",2,1,3,2,1,"No Climb","Not at all","",4,""
77,1778,"Y","Y","N","","","",1,"","","","","Y","","",3,3,7,4,5,1,"No Climb","Not at all","",5,""
77,955,"Y","Y","N","","","",2,"","","",1,"N","","","",5,1,"","","","No Climb","Partially","",2,""
77,9023,"Y","Y","N","","","",2,"","","","","Y","","","",4,5,8,3,1,"No Climb","Not at all","",5,""
77,4125,"Y","Y","N","","","","","","","",1,"N","","","","","","","","","No Climb","Entire match","",4,""
76,3218,"Y","Y","N","","","",1,"","","","","Y","","","",2,4,1,0,1,"Deep Climb","Not at all","",4,""
76,2147,"Y","Y","Y","","",1,0,"","","","","Y","","",4,"",3,2,"","","Deep Climb","Not at all","",5,""
76,9450,"Y","Y","Y","","","",2,"","","",1,"Y","","",2,3,4,3,3,"","Deep Climb","Not at all","",5,""
76,957,"Y","Y","N","","","",2,"","","","","N","","","",5,"","","",2,"Deep Climb","Not at all","",4,""
75,5937,"Y","Y","Y","","",1,1,"","","","","Y","",2,9,"","","","","","No Climb","Not at all","",4,""
75,9442,"Y","Y","N","","","",2,"","","","","N","","","",5,6,8,"","","No Climb","Not at all","",4,""
75,1540,"Y","Y","N","","","",3,"","","","","Y","",2,"",2,6,4,1,"","Deep Climb","Not at all","",5,""
74,9567,"Y","Y","N","","","","","","",1,"","N","",4,"","","","",2,"","Shallow Climb","Not at all","",4,""
70,3218,"Y","Y","Y","","","",1,"","","","","N","",1,"",2,4,5,"",1,"No Climb","Not at all","",4,""
45,4061,"Y","Y","N","","","","",1,"","",0,"N","","","","",0,3,1,2,"No Climb","Not at all","",2,""
44,488,"Y","Y","N","","","",2,"","","","","Y",1,"",0,3,1,"",1,1,"No Climb","Not at all","",4,""
17,6831,"Y","Y","N","","","","","","",2,"","Y","","","","",4,1,"",1,"No Climb","Not at all","",3,""
17,4512,"Y","Y","Y","","",1,1,"","","","","N",1,0,0,4,3,4,"","","No Climb","Not at all","",5,""
17,4043,"Y","Y","N","","","",2,"","","","","Y","","","",1,4,2,0,3,"Deep Climb","Not at all","",4,""
16,997,"Y","Y","N","","","","","","","","","N","","","",1,"",4,"","","No Climb","Not at all","",2,""
16,4915,"Y","Y","N","","","",2,"","","","","Y","","","",2,7,3,2,1,"No Climb","Not at all","",5,""
16,6696,"Y","Y","Y","","","",1,"","","","","Y","",0,1,2,3,4,1,1,"No Climb","Not at all","",4,""
16,9450,"Y","Y","Y","","","",1,"","","","","Y","","",3,3,2,"",3,"","Deep Climb","Not at all","",4,""
17,360,"Y","Y","Y","","","",1,"","","","","Y","","","",2,2,4,0,1,"No Climb","Not at all","",3,""
15,2522,"Y","Y","N","","","",3,"","","","","Y","","","",2,5,3,"",3,"Deep Climb","Not at all","",5,""
15,3636,"Y","Y","N","","","","","","","","","N","","","",7,4,"","","","No Climb","Not at all","",4,""
14,4125,"Y","Y","N","","","","","","","","","N","","","","","","","","","No Climb","Entire match","",2,""
14,957,"Y","Y","N","","","",1,"","","",1,"Y","","","",3,3,1,1,2,"Deep Climb","Not at all","",3,""
14,4469,"Y","Y","N","","","",1,"","","",1,"Y","","","",5,3,3,0,1,"No Climb","Not at all","",4,""
13,2147,"Y","Y","N","","","",1,"","","","","Y","",1,2,2,3,"","","","No Climb","Not at all","",4,""
13,2976,"Y","Y","N","","","","","","","","","Y","","","","","","","","","No Climb","Entire match","",1,""
13,1318,"Y","Y","N","","","",2,"","","","","N","","","",3,2,3,5,"","Deep Climb","Not at all","",4,""
15,1778,"Y","Y","N","","","",3,"","","","","Y","",2,1,4,6,7,3,1,"No Climb","Not at all","",5,""
18,488,"Y","Y","N","","","",2,"","","","","Y","",1,0,3,5,2,1,1,"No Climb","Not at all","",4,""
18,2976,"Y","Y","N","","","","","","","",2,"N","","","","","","","","","No Climb","Entire match","",2,""
18,9036,"Y","Y","N","","","","","","",1,"","Y","","","",3,4,2,1,"","No Climb","Not at all","",4,""
22,997,"Y","Y","N","","","",1,"","","","","Y","","",0,"","",1,"",2,"No Climb","Partially","",2,""
22,4450,"Y","Y","Y","",0,1,1,"","","","","Y","",2,"","",2,2,"",1,"No Climb","Not at all","",3,""
22,4915,"Y","Y","N","","","",1,"","","","","Y","","","",4,4,5,"",1,"No Climb","Not at all","",3,""
22,2147,"Y","Y","Y","","","",1,"","","","","Y","",2,"","",3,"","",3,"No Climb","Not at all","",2,""
21,3218,"Y","Y","Y","","","",0,"",0,"","","N","","","",3,"",1,"","","No Climb","Not at all","",3,""
21,2930,"Y","Y","N","","","",2,"","","","","N","","","",2,3,4,4,"","Deep Climb","Not at all","",4,""
21,3636,"Y","N","N","","",0,2,"","","","","Y",0,"",1,8,"",2,2,2,"No Climb","Not at all","",4,""
21,492,"Y","Y","N",0,"",0,1,"","","","","N","","","",3,5,4,3,"","Deep Climb","Not at all","Minor Break",4,""
20,2557,"Y","Y","N","","","","","","",2,"","Y",2,0,3,2,"","",4,"","Deep Climb","Not at all","",3,""
20,5937,"Y","N","N","","","","","","","",1,"Y",2,"",5,"","","","","","Deep Climb","Not at all","",4,""
20,9023,"Y","Y","N","","","",3,"","","","","Y","","","",3,5,5,"",1,"No Climb","Not at all","",4,""
20,10079,"Y","Y","N","","","",3,"","","","","N","","","",5,5,"","",3,"No Climb","Not at all","",3,""
19,2046,"Y","Y","N","","","",3,"","","","","N",1,1,1,"",2,4,3,4,"Deep Climb","Not at all","",3,""
19,7034,"Y","Y","N","","",0,2,0,0,0,"","N","","","",5,3,3,"","","No Climb","Not at all","",3,""
19,948,"Y","Y","N","","","",1,"","","","","N","","","",3,"",3,5,"","Deep Climb","Not at all","",5,""
19,6343,"Y","Y","N","","","",1,"","","","","Y","","","",1,3,3,1,2,"Deep Climb","Not at all","",4,""
18,9446,"Y","Y","N","","","","","","","","","N","","","",2,"",3,1,"","No Climb","Not at all","",3,""
12,10416,"Y","Y","N","","","","",0,"",1,1,"Y","","","",1,4,"","","","No Climb","Not at all","",4,""
12,6343,"Y","Y","N","","","",2,"","","","","Y","","","",4,4,2,"","","No Climb","Not at all","",4,""
12,10079,"Y","Y","N","","","",1,"","",0,0,"Y","","","",1,"",4,2,3,"No Climb","Not at all","",2,""
11,9036,"Y","Y","N","","","","","","",1,"","N","","","",2,6,"",2,1,"No Climb","Not at all","",4,""
5,2471,"Y","Y","Y","","","","","","","",1,"Y",1,0,4,"",4,"",1,"","No Climb","Not at all","",4,""
5,4513,"Y","N","N","","","",2,0,"","",1,"N","","","",3,"",1,2,1,"No Climb","Not at all","",3,""
4,9446,"Y","Y","N","","","","","","","","","N","","","","","","","","","No Climb","Partially","",3,""
4,4131,"Y","Y","N","","","","","","","","","N","",7,"","","","","","","Deep Climb","Not at all","",5,""
4,6696,"Y","Y","N","","","",1,"",0,"",1,"Y",1,"",2,6,"","","","","No Climb","Not at all","",4,""
4,9023,"Y","N","N","","","",1,"","","",1,"N","","","",3,5,3,0,"","No Climb","Not at all","",4,""
3,3674,"Y","Y","N","","","",0,"","","","","N","","","",4,5,3,"",2,"Deep Climb","Not at all","",4,""
3,997,"Y","Y","N","","","","","","","","","N","","","",1,2,4,"",1,"No Climb","Not at all","",3,""
3,7034,"Y","N","N",0,"","",1,"","","",1,"Y","","",0,6,2,3,"","","No Climb","Not at all","",3,""
3,9450,"Y","N","N","","","",2,0,"","",1,"Y","","",4,5,2,"","","","Deep Climb","Not at all","",4,""
2,948,"Y","Y","N","","","","","","","","","Y","","","",2,2,"",5,"","No Climb","Not at all","",3,""
2,9442,"Y","Y","N","","","",1,"","","",2,"Y","","","",5,6,8,"","","No Climb","Not at all","",4,""
2,5468,"Y","Y","N","","","",3,"","","","","Y","",0,"",3,7,4,"",1,"Deep Climb","Not at all","",4,""
2,4043,"Y","N","N","","","",2,"","","","","Y","","","",2,"",4,"","","Deep Climb","Not at all","",3,""
1,1778,"Y","Y","N","","","",2,"","","","","Y","","",3,5,3,3,7,"","No Climb","Not at all","",5,""
1,6831,"Y","Y","N","","","","","",1,"","","Y","","","","",4,"",1,1,"No Climb","Not at all","",3,""
1,2910,"Y","N","N","","","",2,2,"","","","Y","",2,"",3,4,3,2,1,"Deep Climb","Not at all","",4,""
5,5937,"Y","Y","Y","","",1,"","","","","","N",2,2,5,"","","","","","No Climb","Not at all","",5,""
23,3826,"Y","Y","N","","","","","","",1,"","N","","","","","","","","","No Climb","Entire match","",4,""
5,4061,"Y","Y","N","","","","",0,0,0,0,"N","","","",0,6,2,2,4,"No Climb","Not at all","",4,""
6,9036,"Y","Y","N","","","","","","",1,"","Y","","","",6,2,2,"","","No Climb","Not at all","",4,""
11,3218,"Y","Y","Y","","","",2,"","","","","Y","","","",4,1,2,"",2,"Deep Climb","Not at all","",4,""
11,6831,"Y","Y","N","","","","","",1,1,"","Y","","","","",3,"",2,4,"No Climb","Not at all","",4,""
10,3663,"Y","Y","N","","","",3,"","","","","Y",3,"",7,1,1,4,0,"","No Climb","Not at all","",4,""
10,1425,"Y","Y","N","","","",1,"","","",1,"N","","","","",3,3,6,"","Deep Climb","Not at all","",5,""
10,9446,"Y","N","N","","","","","","","","","N","","","",5,1,"","",3,"No Climb","Not at all","",4,""
9,4512,"Y","Y","N","","","",3,"","","","","Y","","","",4,6,3,"","","No Climb","Not at all","",4,""
9,5468,"Y","N","Y",1,"","",2,"","","","","N","","","",4,6,6,"","","Deep Climb","Not at all","",5,""
9,4131,"Y","Y","N","","","","","","","",1,"N","",4,"","","","","","","No Climb","Not at all","",3,""
8,492,"Y","Y","N","","","","","","","",1,"N","","","",2,3,2,"",1,"Deep Climb","Not at all","",4,""
8,4915,"Y","Y","N","","","",2,0,"","","","N","","","",3,5,3,"",2,"Deep Climb","Not at all","",3,""
8,955,"Y","Y","N","","","",1,"","","",1,"N","","","",1,"","","","","No Climb","Not at all","Minor Break",2,""
7,3574,"Y","Y","N","","","","","","","","","Y","","","","","",6,2,1,"Deep Climb","Not at all","",3,""
7,2930,"Y","Y","N","","","",3,"","","","","Y","","","",3,6,5,1,"","Deep Climb","Not at all","",4,""
7,2046,"Y","N","N","","","",1,"","","",1,"N",2,1,2,3,3,2,5,"","Deep Climb","Not at all","",4,""
7,488,"Y","N","N","","","","","","","",1,"Y",1,"",1,3,"",1,1,4,"No Climb","Not at all","",2,""
6,3826,"Y","Y","N","","","","","","","","","N","","","","","","","","","No Climb","Entire match","",2,""
6,10079,"Y","Y","N","","","",2,"","","","","Y","","","",4,3,3,"",1,"No Climb","Not at all","",4,""
6,4469,"Y","Y","N","","","",2,"","","",1,"Y",3,"",1,"",1,"","","","No Climb","Not at all","",2,""
45,3826,"N","N","N","","","","","","","","","N","","","","","","","","","No Climb","Not at all","",1,""
23,955,"Y","Y","N","","","",1,"","","",1,"Y","","","",3,1,"","",2,"No Climb","Partially","",3,""
23,2471,"Y","Y","Y","","","","",1,"","","","Y","","","",4,6,"","",2,"Deep Climb","Not at all","",4,""
38,4043,"Y","Y","N","","","",1,"","","",1,"N","","","",3,2,"",2,2,"Deep Climb","Not at all","",4,""
38,5468,"Y","Y","N","","","",3,"","","","","Y","","","",3,6,4,2,2,"Deep Climb","Not at all","",5,""
37,360,"Y","Y","N","","","",0,"","",1,1,"Y","","","",5,5,4,"","","Deep Climb","Not at all","",5,""
37,1425,"Y","Y","N","","","",3,"","","","","Y",1,"",1,2,4,2,2,"","Deep Climb","Not at all","",5,""
37,6343,"Y","N","N","","","","","","","","","N","","","",2,3,3,"","","Deep Climb","Not at all","Minor Break",2,""
36,5937,"Y","Y","Y","","",2,"","","","","","Y",3,"",6,"","","","","","Deep Climb","Not at all","",5,""
36,488,"Y","Y","N","","","",2,"","","","","Y","","",2,6,3,2,"","","No Climb","Not at all","",4,""
38,7034,"Y","Y","N","","","",1,"","","","","Y","","","",1,2,2,1,5,"No Climb","Not at all","",3,""
36,6831,"Y","Y","Y","","","","",1,"","","","Y","","","","",2,0,3,1,"No Climb","Not at all","",2,""
35,3574,"Y","Y","N","","","","","","","","","N","","","","","",3,"","","No Climb","Not at all","Major Break",2,""
35,4131,"Y","Y","N","","","","","","",1,"","N","",7,"","","","","","","No Climb","Not at all","",4,""
34,2930,"Y","Y","N","","","",2,"","","","","N","","","",4,6,2,3,"","Deep Climb","Not at all","",4,""
34,9023,"Y","Y","N","","","",3,"","","","","Y","","","",5,7,4,1,1,"No Climb","Not at all","",5,""
34,4450,"Y","Y","N","","","","","","","","","Y","",4,"","","","","","","No Climb","Partially","Major Break",1,""
33,2910,"Y","Y","N","","","",3,"","","",1,"Y","",2,4,5,8,6,"","","Deep Climb","Not at all","",4,""
33,2976,"Y","Y","Y","","","",1,"","","","","N","","","",2,2,1,2,2,"No Climb","Not at all","",5,""
35,4061,"Y","Y","Y","","","","",1,"","",2,"N","","","","",6,3,2,1,"No Climb","Not at all","",4,""
39,4125,"Y","Y","N","","","","","","",1,"","N",1,"","","","","","","","No Climb","Entire match","",1,""
39,4915,"Y","Y","N","","","",2,"","","","","Y","","","",4,3,3,2,1,"No Climb","Not at all","",5,""
39,9442,"Y","Y","N","","","",3,"","","","","Y","","",1,"",4,4,2,4,"No Climb","Not at all","",4,""
44,4043,"Y","Y","N","","","",1,"","","","","Y","","","","",5,5,"",1,"Deep Climb","Not at all","",5,""
44,6696,"Y","Y","N","","","",1,"","","","","Y","","","",3,6,2,"",2,"No Climb","Not at all","",5,""
44,2910,"Y","Y","N","","","",3,1,"","","","N","","",4,5,4,7,1,"","Deep Climb","Not at all","",5,""
43,2557,"Y","Y","Y",2,"","","","","",1,0,"Y","","",4,"","","",2,"","Deep Climb","Not at all","",2,""
43,9036,"Y","Y","N","","","","",0,"",1,"","N",2,"","",7,5,"","","","No Climb","Not at all","",4,""
43,6343,"Y","Y","N","","","","","","","","","N","","","",4,5,"","",1,"Deep Climb","Not at all","",4,""
43,948,"Y","Y","N","","","","","","","",1,"N","","","",6,3,2,"",1,"Deep Climb","Not at all","",4,""
42,9446,"Y","Y","N","","","","","","","","","N","","","",2,1,4,2,4,"No Climb","Not at all","",4,""
42,1318,"Y","Y","N","","","",2,"","","","","Y","","",2,1,4,2,5,"","Deep Climb","Not at all","",4,""
42,6831,"Y","Y","Y","","","","",1,"","","","N","","","","","","",3,1,"No Climb","Partially","",2,""
42,3663,"Y","Y","N",1,"","",3,"","","","","N","","",3,4,4,3,3,"","Deep Climb","Not at all","",5,""
41,997,"Y","Y","N","","","",1,"","","","","Y","","","",1,2,5,1,1,"No Climb","Not at all","",4,""
41,3218,"Y","Y","Y","","","",1,"","","","","Y","",3,"",5,1,2,"",1,"Deep Climb","Not at all","",5,""
41,4513,"Y","Y","N","","","",2,"","","","","N","","","",5,3,3,"",3,"Deep Climb","Not at all","",4,""
41,9023,"Y","Y","N","","","",3,"","","","","Y","","","",2,6,5,"",1,"No Climb","Not at all","",5,""
40,2046,"Y","Y","N","","","",2,"","","",1,"N",1,4,3,2,4,2,"",2,"No Climb","Not at all","",4,""
40,9567,"Y","Y","Y","","","","","","",1,"","N","",3,"","","","",2,1,"No Climb","Not at all","",4,""
33,1540,"Y","Y","N","","","",1,"","","",1,"Y","",2,"",2,4,5,1,1,"No Climb","Not at all","",3,""
32,1425,"Y","Y","N","","",1,1,"","","","","Y","","",1,"","",0,3,"","Deep Climb","Partially","",4,""
32,3218,"Y","Y","N","","","",1,"","","",1,"Y","","","",2,2,"","",4,"No Climb","Not at all","",5,""
32,9442,"Y","Y","N","","","",3,"","","","","Y",1,"",1,6,5,4,1,2,"No Climb","Not at all","",4,""
28,10079,"Y","Y","N","","","",3,"","","","","N","","","",2,1,0,1,3,"No Climb","Not at all","",2,""
28,4450,"Y","Y","Y","","",2,1,"","","","","Y","","",3,4,2,"",1,1,"Deep Climb","Not at all","",5,""
27,492,"Y","Y","N","","","",0,"","","",1,"N","","","",4,"","","","","No Climb","Partially","",2,""
27,4915,"Y","Y","N","","","",1,"","","",1,"Y","","","",4,5,"","",1,"Deep Climb","Not at all","",4,""
27,6831,"Y","Y","N","","","","","",1,1,"","Y","","","","",5,2,0,"","No Climb","Not at all","",4,""
26,2412,"Y","Y","N","","","",1,"","","",1,"Y","",2,"",4,1,4,"",1,"Deep Climb","Not at all","",5,""
26,7034,"Y","Y","N","","","",2,"","","",1,"Y","","","",4,5,"","","","No Climb","Not at all","",2,""
26,5937,"Y","Y","N","",0,1,"","","","","","Y","",2,2,"","","","","","Deep Climb","Not at all","Major Break",2,""
26,488,"Y","Y","N",1,"","",1,"","","","","N","","","",4,4,"",3,3,"No Climb","Not at all","",3,""
25,3674,"Y","Y","N","","","",3,"","","","","N","","","",1,5,2,"",1,"Deep Climb","Not at all","",4,""
25,6443,"Y","Y","N","","","","","","",1,1,"N","","","","","","","","","Deep Climb","Entire match","",1,""
25,1778,"Y","Y","N","","","",3,"","","","","Y","","",2,4,8,7,"",1,"No Climb","Not at all","",5,""
25,9450,"Y","N","Y","","","",3,"","","","","N","","",2,2,2,2,6,1,"Deep Climb","Not at all","",5,""
24,2522,"Y","Y","N","","","",3,"","","","","Y","","","",2,3,5,4,3,"Deep Climb","Not at all","",3,""
24,957,"Y","Y","N","","","","","","","","","Y","","","",3,2,3,"",0,"Deep Climb","Not at all","",2,""
24,4043,"Y","Y","N","","","",2,"","","","","Y","","","",2,5,3,"",3,"Deep Climb","Not at all","",5,""
24,1425,"Y","Y","N","","","",2,"","","","","Y","","","",3,2,3,5,"","No Climb","Not at all","",4,""
28,6696,"Y","Y","Y","","",1,1,"","","","","Y","","",2,1,2,2,2,2,"No Climb","Not at all","",4,""
23,5468,"Y","Y","Y",0,"","",3,"","","","","Y","","","",5,4,5,1,"","Deep Climb","Not at all","",3,""
28,4125,"Y","Y","N","","","","","","","","","N","","","","",1,"","","","No Climb","Partially","",1,""
29,10416,"Y","N","Y","","","",1,"","","","","N","","","",3,5,1,0,"","No Climb","Not at all","",4,""
31,9446,"Y","Y","N","","","","","","","","","Y","",1,"",3,"","",2,"","No Climb","Not at all","",4,""
31,2046,"Y","Y","N","","","",2,"","","",1,"N",1,4,"",3,6,3,1,2,"Deep Climb","Not at all","",4,""
31,997,"Y","Y","N","","","",1,"","","","","Y","","","",2,1,2,"",2,"No Climb","Not at all","",3,""
15,2557,"Y","Y","Y",1,"",1,"","","","","","Y",2,3,2,"","","",3,"","No Climb","Not at all","",5,""
14,9442,"Y","Y","N","","","",3,"","","","","Y",1,"",4,3,8,3,"",1,"No Climb","Not at all","",5,""
13,3674,"Y","Y","N","","","",2,"","","",1,"N","","","",2,5,3,"","","Deep Climb","Not at all","",5,""
12,360,"Y","Y","N","","","",2,"","","","","N",1,1,"",5,5,"","",1,"Deep Climb","Not at all","",5,""
11,6443,"Y","Y","N","",2,"","","","","",1,"N","","","","","","","",2,"Deep Climb","Partially","",2,""
10,2910,"Y","Y","Y","","","",2,"","","","","Y","","",3,5,6,6,6,"","Deep Climb","Not at all","",5,""
9,2412,"Y","Y","N","","","",1,"","","","","Y","","","",6,2,2,"","","Deep Climb","Not at all","",4,""
8,3636,"Y","Y","N","","","","","","","",2,"Y","","",2,4,4,3,1,1,"No Climb","Not at all","",5,""
30,4131,"Y","Y","N","","","","","","","","","N","",5,"","","","","","","Deep Climb","Not at all","",5,""
30,2557,"Y","Y","Y","","",1,"","","",1,"","Y",2,2,4,"","","",6,"","No Climb","Not at all","",5,""
30,360,"Y","Y","N","","","",2,"","","","","Y","","","",4,4,"","",5,"Deep Climb","Not at all","",4,""
30,4513,"Y","Y","N","","","","","","","",2,"N","","","",5,2,2,1,1,"Deep Climb","Not at all","",4,""
29,3663,"Y","Y","N","","","",3,"","","","","Y","","","",3,5,1,2,"","Deep Climb","Not at all","",5,""
29,2147,"Y","Y","Y",2,"","",1,"","","","","Y",1,"",1,3,3,2,"","","No Climb","Not at all","",4,""
29,3826,"Y","Y","N","","","","","","","","","Y","",2,"","","","","","","Deep Climb","Partially","",4,""
71,955,"Y","Y","N","","","",3,"","","","","N","","","","",7,8,"","","No Climb","Not at all","",5,""
31,1778,"Y","N","N",0,0,0,2,0,0,0,0,"N",0,2,3,5,2,4,2,1,"No Climb","Not at all","","",""
31,9446,"Y","N","N",0,0,0,0,0,0,0,0,"N",0,0,0,3,1,1,1,0,"No Climb","Not at all","","",""
31,997,"Y","N","N",0,0,0,1,0,0,0,1,"N",0,0,0,2,2,0,1,2,"No Climb","Not at all","","",""
31,957,"Y","N","N",0,0,0,3,0,0,0,0,"N",0,0,0,3,4,4,3,2,"No Climb","Not at all","","",""
31,6343,"Y","N","N",0,0,0,1,0,0,0,0,"N",0,0,0,1,3,5,0,2,"No Climb","Not at all","","",""
31,2046,"Y","N","N",0,0,0,2,0,0,0,0,"N",0,3,0,1,3,4,1,1,"No Climb","Not at all","","",""
32,1425,"Y","N","N",0,0,1,0,0,0,0,0,"N",0,0,1,1,0,0,3,1,"No Climb","Not at all","","",""
32,9442,"Y","N","N",0,0,0,3,0,0,0,0,"N",1,0,1,4,6,3,0,6,"No Climb","Not at all","","",""
32,2522,"Y","N","N",0,0,0,2,0,0,0,0,"N",0,0,0,0,4,4,4,3,"No Climb","Not at all","","",""
32,3636,"Y","N","N",0,0,0,1,0,0,0,1,"N",0,0,0,5,3,0,0,6,"No Climb","Not at all","","",""
32,1318,"Y","N","N",0,0,0,1,0,0,0,0,"N",0,0,3,2,5,3,2,0,"No Climb","Not at all","","",""
32,3218,"Y","N","N",0,0,0,1,0,0,0,0,"N",0,1,0,1,0,4,0,2,"No Climb","Not at all","","",""
33,2910,"Y","N","N",0,0,0,1,0,0,0,1,"N",0,1,3,5,5,6,0,0,"No Climb","Not at all","","",""
33,1540,"Y","N","N",0,0,0,3,0,1,0,1,"N",0,0,0,3,1,2,1,3,"No Climb","Not at all","","",""
33,6443,"Y","N","N",0,0,0,0,0,0,0,1,"N",1,0,0,1,0,1,0,5,"No Climb","Not at all","","",""
33,955,"Y","N","N",0,0,0,0,0,1,0,1,"N",0,0,0,2,4,4,0,3,"No Climb","Not at all","","",""
33,5468,"Y","N","N",0,0,0,2,0,0,0,0,"N",0,0,0,4,5,5,0,3,"No Climb","Not at all","","",""
33,2976,"Y","N","N",0,0,0,0,1,0,0,0,"N",0,0,0,0,3,2,0,1,"No Climb","Not at all","","",""
34,9023,"Y","N","N",0,0,0,3,0,0,0,0,"N",0,0,0,4,9,4,0,1,"No Climb","Not at all","","",""
34,4450,"Y","N","N",0,0,0,0,0,0,0,0,"N",0,2,0,0,0,0,0,0,"No Climb","Not at all","","",""
34,2412,"Y","N","N",0,0,0,2,0,0,0,0,"N",0,1,0,2,4,3,0,2,"No Climb","Not at all","","",""
34,3663,"Y","N","N",0,0,0,2,0,0,0,1,"N",0,0,0,2,6,5,0,0,"No Climb","Not at all","","",""
34,9450,"Y","N","N",0,0,0,2,0,0,0,0,"N",1,1,7,1,0,0,3,0,"No Climb","Not at all","","",""
34,2930,"Y","N","N",0,0,0,2,0,0,0,0,"N",0,0,0,4,3,3,0,0,"No Climb","Not at all","","",""
35,4061,"Y","N","N",0,0,0,0,1,0,0,2,"N",0,0,0,0,5,3,3,3,"No Climb","Not at all","","",""
35,4131,"Y","N","N",0,0,0,0,0,0,1,0,"N",0,5,0,0,0,0,0,0,"No Climb","Not at all","","",""
35,2557,"Y","N","N",0,0,0,0,0,0,0,0,"N",1,0,2,0,0,0,9,1,"No Climb","Not at all","","",""
35,3674,"Y","N","N",0,0,0,0,0,0,1,0,"N",0,0,0,0,0,0,0,0,"No Climb","Not at all","","",""
35,3826,"Y","N","N",0,0,0,0,0,0,0,0,"N",0,0,0,0,0,0,0,0,"No Climb","Not at all","","",""
35,3574,"Y","N","N",0,0,0,0,1,0,0,0,"N",0,0,0,1,5,3,2,2,"No Climb","Not at all","","",""
36,488,"Y","N","N",0,0,0,2,0,0,0,0,"N",0,0,2,3,5,2,1,0,"No Climb","Not at all","","",""
36,6831,"Y","N","N",0,0,0,0,1,0,0,0,"N",0,0,0,0,1,1,2,1,"No Climb","Not at all","","",""
36,4512,"Y","N","N",0,0,0,2,0,0,0,0,"N",0,0,0,2,3,2,0,1,"No Climb","Not at all","","",""
36,957,"Y","N","N",0,0,0,0,0,0,0,0,"N",0,0,0,10,5,0,1,1,"No Climb","Not at all","","",""
36,948,"Y","N","N",0,0,0,0,0,0,0,1,"N",0,0,0,2,4,1,5,0,"No Climb","Not at all","","",""
36,5937,"Y","N","N",0,0,2,0,0,0,0,0,"N",2,0,6,0,1,0,0,0,"No Climb","Not at all","","",""
37,360,"Y","N","N",0,0,0,1,0,0,1,1,"N",0,0,0,4,5,4,0,0,"No Climb","Not at all","","",""
37,6343,"Y","N","N",0,0,0,0,0,0,0,0,"N",0,0,0,0,0,0,0,0,"No Climb","Not at all","","",""
37,6696,"Y","N","N",0,0,1,1,0,0,0,0,"N",0,0,1,2,3,4,0,3,"No Climb","Not at all","","",""
37,9036,"Y","N","N",0,0,0,0,0,0,1,0,"N",0,0,0,0,5,2,3,1,"No Climb","Not at all","","",""
37,3636,"Y","N","N",0,0,0,1,0,0,0,1,"N",1,0,1,6,2,5,0,1,"No Climb","Not at all","","",""
37,1425,"Y","N","N",0,0,0,3,0,0,0,0,"N",0,0,2,2,2,3,3,0,"No Climb","Not at all","","",""
38,7034,"Y","N","N",0,0,0,1,0,0,0,0,"N",0,0,0,2,2,2,1,3,"No Climb","Not at all","","",""
38,5468,"Y","N","N",0,0,0,1,0,0,0,0,"N",0,0,0,3,2,1,0,0,"No Climb","Not at all","","",""
38,10079,"Y","N","N",0,0,0,1,0,0,0,0,"N",0,0,0,0,0,0,0,1,"No Climb","Not at all","","",""
38,1778,"Y","N","N",0,0,0,3,0,0,0,0,"N",0,0,2,4,9,4,4,2,"No Climb","Not at all","","",""
38,2147,"Y","N","N",0,0,0,1,0,0,0,0,"N",0,4,1,1,0,2,0,0,"No Climb","Not at all","","",""
38,4043,"Y","N","N",0,0,0,2,0,0,0,0,"N",0,0,0,2,3,0,0,3,"No Climb","Not at all","","",""
39,9442,"Y","N","N",0,0,0,3,0,0,0,0,"N",0,0,2,2,2,2,1,4,"No Climb","Not at all","","",""
39,4915,"Y","N","N",0,0,0,2,0,0,0,0,"N",0,0,0,2,0,0,0,0,"No Climb","Not at all","","",""
39,1540,"Y","N","N",0,0,0,1,0,0,0,0,"N",0,2,0,1,6,4,0,1,"No Climb","Not at all","","",""
39,2910,"Y","N","N",0,0,0,2,0,0,0,0,"N",0,2,5,6,9,4,0,0,"No Climb","Not at all","","",""
39,10416,"Y","N","N",0,0,0,1,0,0,0,0,"N",0,0,0,1,2,0,1,0,"No Climb","Not at all","","",""
39,4125,"Y","N","N",0,0,0,0,0,0,1,0,"N",1,0,0,0,0,0,0,0,"No Climb","Not at all","","",""
40,9567,"Y","N","N",0,0,0,0,0,0,1,0,"N",0,3,0,0,0,0,2,1,"No Climb","Not at all","","",""
40,955,"Y","N","N",0,0,0,3,0,0,0,0,"N",0,0,0,2,0,1,0,0,"No Climb","Not at all","","",""
40,6443,"Y","N","N",0,0,0,0,0,0,0,1,"N",0,0,0,1,3,0,0,0,"No Climb","Not at all","","",""
40,2522,"Y","N","N",0,0,0,3,0,0,0,0,"N",0,0,0,2,5,4,2,1,"No Climb","Not at all","","",""
40,2976,"Y","N","N",0,0,0,1,0,0,0,0,"N",0,0,0,1,2,4,2,1,"No Climb","Not at all","","",""
40,2046,"Y","N","N",0,0,0,2,0,0,0,1,"N",0,2,3,3,4,5,0,1,"No Climb","Not at all","","",""
41,997,"Y","N","N",0,0,0,1,0,0,0,0,"N",0,0,0,1,3,3,1,2,"No Climb","Not at all","","",""
41,3218,"Y","N","N",0,0,0,1,0,0,0,2,"N",0,1,0,1,0,0,0,0,"No Climb","Not at all","","",""
41,9023,"Y","N","N",0,0,0,3,0,0,0,0,"N",0,0,0,2,8,5,1,2,"No Climb","Not at all","","",""
41,2471,"Y","N","N",0,0,0,0,1,0,0,0,"N",1,2,0,0,5,0,3,2,"No Climb","Not at all","","",""
41,492,"Y","N","N",0,0,0,1,0,0,0,0,"N",0,0,0,4,1,4,0,2,"No Climb","Not at all","","",""
41,4513,"Y","N","N",0,0,0,2,0,0,0,0,"N",0,0,0,5,4,3,1,0,"No Climb","Not at all","","",""
42,1318,"Y","N","N",0,0,0,2,0,0,0,0,"N",0,0,2,1,3,2,5,0,"No Climb","Not at all","","",""
42,9446,"Y","N","N",0,0,0,0,0,0,0,0,"N",0,0,0,2,1,0,0,1,"No Climb","Not at all","","",""
42,3663,"Y","N","N",0,0,0,3,0,0,0,0,"N",0,0,3,4,4,4,2,0,"No Climb","Not at all","","",""
42,4469,"Y","N","N",0,0,0,2,0,0,0,0,"N",0,0,0,5,1,0,0,1,"No Climb","Not at all","","",""
42,9450,"Y","N","N",0,0,0,1,0,0,0,0,"N",0,0,4,2,3,0,3,1,"No Climb","Not at all","","",""
42,6831,"Y","N","N",1,0,0,0,1,0,0,0,"N",0,0,0,0,0,0,2,3,"No Climb","Not at all","","",""
43,6343,"Y","N","N",0,0,0,0,0,0,0,0,"N",0,0,0,4,5,0,0,1,"No Climb","Not at all","","",""
43,2557,"Y","N","N",0,0,0,0,0,0,2,0,"N",0,0,0,0,0,0,3,0,"No Climb","Not at all","","",""
43,9036,"Y","N","N",0,0,0,0,0,0,1,0,"N",0,0,0,6,5,0,1,2,"No Climb","Not at all","","",""
43,2147,"Y","N","N",1,0,0,0,0,0,0,1,"N",0,0,1,6,6,0,0,1,"No Climb","Not at all","","",""
43,4450,"Y","N","N",0,0,0,0,0,0,0,0,"N",0,0,0,0,0,0,0,0,"No Climb","Not at all","","",""
43,948,"Y","N","N",0,0,0,0,0,0,0,0,"N",0,0,0,6,2,2,0,1,"No Climb","Not at all","","",""
44,4043,"Y","N","N",0,0,0,1,0,0,0,0,"N",0,0,0,0,5,4,1,1,"No Climb","Not at all","","",""
44,488,"Y","N","N",0,0,0,2,0,0,0,0,"N",1,0,0,2,2,0,0,0,"No Climb","Not at all","","",""
44,2910,"Y","N","N",0,0,0,2,1,0,0,1,"N",0,2,4,5,6,7,2,0,"No Climb","Not at all","","",""
44,5468,"Y","N","N",0,0,0,3,0,0,0,0,"N",0,0,0,5,6,6,0,0,"No Climb","Not at all","","",""
44,4125,"Y","N","N",0,0,0,0,0,0,1,0,"N",0,1,0,0,0,0,0,0,"No Climb","Not at all","","",""
44,6696,"Y","N","N",0,0,0,1,0,0,0,1,"N",0,1,0,3,3,4,0,4,"No Climb","Not at all","","",""
45,1540,"Y","N","N",0,0,0,1,0,0,0,1,"N",0,0,1,2,6,2,3,4,"No Climb","Not at all","","",""
45,3826,"Y","N","N",0,0,0,0,0,0,0,0,"N",0,0,0,0,0,0,0,0,"No Climb","Not at all","","",""
45,957,"Y","N","N",0,0,0,2,0,0,1,0,"N",0,0,0,7,2,4,0,1,"No Climb","Not at all","","",""
45,3674,"Y","N","N",0,0,0,3,0,0,0,0,"N",0,0,0,1,4,6,0,1,"No Climb","Not at all","","",""
45,1425,"Y","N","N",0,0,0,3,0,0,0,0,"N",0,0,2,4,4,0,0,1,"No Climb","Not at all","","",""
45,4061,"Y","N","N",0,0,0,0,1,0,0,0,"N",0,0,0,0,2,4,1,4,"No Climb","Not at all","","",""
46,7034,"Y","N","N",0,0,0,3,0,0,0,0,"N",0,0,0,3,2,2,1,1,"No Climb","Not at all","","",""
46,2471,"Y","N","N",2,2,1,0,1,0,0,0,"N",2,2,1,2,2,1,1,2,"No Climb","Not at all","","",""
46,2522,"Y","N","N",0,0,0,2,0,0,0,1,"N",0,0,0,3,4,5,4,1,"No Climb","Not at all","","",""
46,9442,"Y","N","N",0,0,0,1,0,0,0,0,"N",2,0,1,4,5,2,2,0,"No Climb","Not at all","","",""
46,9023,"Y","N","N",0,0,0,0,0,0,0,0,"N",0,0,0,3,6,6,1,3,"No Climb","Not at all","","",""
46,360,"Y","N","N",0,0,0,1,0,0,0,2,"N",0,3,0,2,2,1,1,4,"No Climb","Not at all","","",""
47,2930,"Y","N","N",0,0,0,3,0,0,0,0,"N",0,2,0,4,3,2,3,0,"No Climb","Not at all","","",""
47,2976,"Y","N","N",0,0,0,1,0,0,1,1,"N",0,0,0,1,0,0,0,4,"No Climb","Not at all","","",""
47,10416,"Y","N","N",0,0,0,1,0,0,0,0,"N",0,0,0,0,3,0,0,0,"No Climb","Not at all","","",""
47,4513,"Y","N","N",0,0,0,0,0,0,0,1,"N",0,0,0,3,3,4,2,0,"No Climb","Not at all","","",""
47,2046,"Y","N","N",0,0,0,3,0,0,0,0,"N",1,2,0,2,4,4,4,0,"No Climb","Not at all","","",""
47,4469,"Y","N","N",0,0,0,1,0,0,0,0,"N",1,0,2,3,5,1,0,2,"No Climb","Not at all","","",""
48,3218,"Y","N","N",0,0,0,2,0,0,0,0,"N",0,3,0,1,3,1,0,1,"No Climb","Not at all","","",""
48,4915,"Y","N","N",0,0,0,3,0,0,0,0,"N",0,0,0,7,3,0,0,0,"No Climb","Not at all","","",""
48,9446,"Y","N","N",0,0,0,0,0,0,0,0,"N",0,0,0,0,3,4,0,1,"No Climb","Not at all","","",""
48,1778,"Y","N","N",0,0,0,2,0,0,0,0,"N",0,0,0,1,9,2,1,2,"No Climb","Not at all","","",""
48,9567,"Y","N","N",0,0,0,0,0,0,1,0,"N",0,2,0,0,0,0,0,0,"No Climb","Not at all","","",""
48,10079,"Y","N","N",0,0,0,3,0,0,0,0,"N",0,0,0,3,5,2,0,5,"No Climb","Not at all","","",""
49,1318,"Y","N","N",0,0,0,2,0,0,0,0,"N",0,0,0,8,6,2,0,0,"No Climb","Not at all","","",""
49,5937,"Y","N","N",0,0,2,0,0,0,0,0,"N",0,3,3,0,0,0,0,0,"No Climb","Not at all","","",""
49,4131,"Y","N","N",0,0,0,0,0,0,1,0,"N",0,6,0,0,0,0,0,0,"No Climb","Not at all","","",""
49,955,"Y","N","N",0,0,0,3,0,0,0,0,"N",0,0,0,3,5,5,0,1,"No Climb","Not at all","","",""
49,3636,"Y","N","N",0,0,0,0,0,0,0,0,"N",0,0,0,4,7,0,0,0,"No Climb","Not at all","","",""
50,6443,"Y","N","N",0,0,0,1,0,0,0,0,"N",0,0,0,0,0,0,0,0,"No Climb","Not at all","","",""
50,3574,"Y","N","N",0,0,0,0,0,0,0,0,"N",0,0,0,0,0,0,6,3,"No Climb","Not at all","","",""
50,4512,"Y","N","N",0,0,0,3,0,0,0,0,"N",0,0,1,2,3,1,1,0,"No Climb","Not at all","","",""
50,2412,"Y","N","N",0,0,0,1,0,0,0,0,"N",0,0,0,4,5,2,2,1,"No Climb","Not at all","","",""
50,9450,"Y","N","N",0,0,0,0,0,1,1,0,"N",0,0,4,1,3,2,2,0,"No Climb","Not at all","","",""
50,492,"Y","N","N",0,0,0,0,0,0,1,1,"N",0,0,0,4,3,0,0,2,"No Climb","Not at all","","",""
51,488,"Y","N","N",0,0,0,2,0,0,0,0,"N",0,0,0,2,6,5,0,0,"No Climb","Not at all","","",""
51,1425,"Y","N","N",0,0,0,3,0,0,0,0,"N",0,0,0,5,7,3,0,0,"No Climb","Not at all","","",""
51,2557,"Y","N","N",2,0,0,0,0,0,0,0,"N",3,2,4,0,0,0,4,1,"No Climb","Not at all","","",""
51,4450,"Y","N","N",0,0,2,1,0,0,0,0,"N",1,0,1,1,0,2,0,1,"No Climb","Not at all","","",""
51,2910,"Y","N","N",0,0,0,2,2,0,0,0,"N",1,2,4,7,5,3,0,0,"No Climb","Not at all","","",""
51,4061,"Y","N","N",0,0,0,0,3,0,0,0,"N",0,0,0,0,3,2,3,2,"No Climb","Not at all","","",""
52,6831,"Y","N","N",0,0,0,0,0,0,0,1,"N",0,0,0,0,6,1,3,1,"No Climb","Not at all","","",""
52,4125,"Y","N","N",0,0,0,0,0,0,0,0,"N",0,0,0,0,0,2,2,4,"No Climb","Not at all","","",""
52,3826,"Y","N","N",0,0,0,0,0,0,1,0,"N",2,7,0,0,0,0,0,0,"No Climb","Not at all","","",""
52,5468,"Y","N","N",0,0,0,3,0,0,0,0,"N",0,0,0,4,5,2,0,0,"No Climb","Not at all","","",""
52,4513,"Y","N","N",0,0,0,2,1,4,2,0,"N",0,0,0,0,0,0,0,0,"No Climb","Not at all","","",""
52,6343,"Y","N","N",0,0,0,0,0,0,0,1,"N",0,0,0,2,0,0,3,3,"No Climb","Not at all","","",""
53,10416,"Y","N","N",0,0,0,0,0,0,0,1,"N",0,0,0,2,0,0,0,4,"No Climb","Not at all","","",""
53,9567,"Y","N","N",0,0,0,0,0,0,0,0,"N",0,1,0,0,0,0,0,0,"No Climb","Not at all","","",""
53,4915,"Y","N","N",0,0,0,3,0,0,0,0,"N",0,0,0,4,5,5,0,1,"No Climb","Not at all","","",""
53,9036,"Y","N","N",0,0,0,1,0,0,0,0,"N",0,0,0,5,3,3,0,0,"No Climb","Not at all","","",""
53,2471,"Y","N","N",0,0,0,0,1,0,0,1,"N",2,1,0,2,3,1,2,2,"No Climb","Not at all","","",""
54,1540,"Y","N","N",0,0,0,1,0,0,1,0,"N",0,0,3,4,4,6,0,0,"No Climb","Not at all","","",""
54,3663,"Y","N","N",0,0,0,3,0,0,0,0,"N",3,0,6,1,1,2,0,0,"No Climb","Not at all","","",""
54,4043,"Y","N","N",0,0,0,1,0,0,0,0,"N",0,0,0,2,7,2,0,6,"No Climb","Not at all","","",""
54,2930,"Y","N","N",0,0,0,3,0,0,0,0,"N",2,2,0,4,2,3,0,0,"No Climb","Not at all","","",""
54,1318,"Y","N","N",0,0,3,1,4,0,5,0,"N",0,0,0,0,0,0,0,0,"No Climb","Not at all","","",""
54,1778,"Y","N","N",0,0,0,3,0,0,0,0,"N",1,0,2,1,6,7,0,4,"No Climb","Not at all","","",""
55,4469,"Y","N","N",0,0,0,0,0,0,0,1,"N",0,0,1,1,3,0,0,0,"No Climb","Not at all","","",""
55,957,"Y","N","N",0,0,0,1,0,0,0,1,"N",0,0,0,3,6,0,0,2,"No Climb","Not at all","","",""
55,7034,"Y","N","N",0,0,0,3,0,0,0,0,"N",0,0,0,4,2,1,0,6,"No Climb","Not at all","","",""
55,2522,"Y","N","N",0,0,0,1,0,0,0,2,"N",0,0,0,4,3,7,0,4,"No Climb","Not at all","","",""
55,6696,"Y","N","N",0,0,0,2,0,0,0,0,"N",0,0,3,2,5,0,0,0,"No Climb","Not at all","","",""
55,4131,"Y","N","N",0,0,0,0,0,0,0,1,"N",0,7,0,0,0,0,0,0,"No Climb","Not at all","","",""
56,948,"Y","N","N",0,0,0,1,0,0,0,0,"N",0,0,0,1,3,1,5,0,"No Climb","Not at all","","",""
56,9442,"Y","N","N",0,0,0,1,0,0,0,0,"N",1,0,1,3,1,0,0,3,"No Climb","Not at all","","",""
56,2412,"Y","N","N",0,0,0,1,0,0,0,0,"N",0,2,0,5,1,1,0,3,"No Climb","Not at all","","",""
56,10079,"Y","N","N",0,0,0,3,0,0,0,0,"N",0,0,0,2,4,3,0,5,"No Climb","Not at all","","",""
56,955,"Y","N","N",0,0,0,1,0,0,0,0,"N",0,0,0,1,1,0,0,1,"No Climb","Not at all","","",""
56,997,"Y","N","N",0,0,0,2,0,0,0,0,"N",0,1,0,2,0,3,0,0,"No Climb","Not at all","","",""
57,5937,"Y","N","N",0,0,2,0,0,0,0,0,"N",0,2,8,0,0,0,0,1,"No Climb","Not at all","","",""
57,3218,"Y","N","N",0,0,0,2,0,0,0,0,"N",0,0,0,4,5,3,0,0,"No Climb","Not at all","","",""
57,4512,"Y","N","N",0,0,0,2,0,0,0,0,"N",0,0,0,4,8,6,0,1,"No Climb","Not at all","","",""
57,2976,"Y","N","N",0,0,0,1,0,0,0,1,"N",0,0,0,1,3,2,0,4,"No Climb","Not at all","","",""
57,3574,"Y","N","N",0,0,0,1,0,0,0,0,"N",0,0,0,1,1,0,0,0,"No Climb","Not at all","","",""
57,360,"Y","N","N",0,0,0,2,0,0,0,0,"N",3,2,4,1,2,1,1,0,"No Climb","Not at all","","",""
58,2147,"Y","N","N",0,0,0,1,0,0,0,0,"N",0,0,1,1,3,1,0,1,"No Climb","Not at all","","",""
58,3636,"Y","N","N",0,0,0,2,0,0,0,1,"N",0,0,1,2,2,1,0,1,"No Climb","Not at all","","",""
58,9023,"Y","N","N",0,0,0,3,0,0,0,0,"N",0,3,0,2,5,5,1,1,"No Climb","Not at all","","",""
58,2046,"Y","N","N",0,0,0,2,0,0,0,0,"N",1,1,3,7,5,3,0,0,"No Climb","Not at all","","",""
58,9446,"Y","N","N",0,0,0,0,0,0,0,0,"N",0,0,0,0,0,1,0,2,"No Climb","Not at all","","",""
58,6443,"Y","N","N",0,0,0,0,0,0,0,1,"N",0,0,0,0,0,0,0,0,"No Climb","Not at all","","",""
59,9450,"Y","N","N",0,0,1,1,0,0,0,0,"N",1,5,3,2,0,0,2,0,"No Climb","Not at all","","",""
59,1425,"Y","N","N",0,0,0,3,0,0,0,0,"N",0,0,0,2,5,6,1,0,"No Climb","Not at all","","",""
59,5468,"Y","N","N",0,0,0,1,0,0,0,0,"N",0,0,0,4,5,5,1,2,"No Climb","Not at all","","",""
59,492,"Y","N","N",0,0,0,0,0,0,0,1,"N",0,0,0,4,3,3,0,0,"No Climb","Not at all","","",""
59,9036,"Y","N","N",0,0,0,0,0,0,0,1,"N",0,0,0,4,2,1,3,3,"No Climb","Not at all","","",""
59,9567,"Y","N","N",0,0,0,0,0,0,1,0,"N",2,6,0,0,0,0,0,0,"No Climb","Not at all","","",""
60,2910,"Y","N","N",0,0,0,2,2,1,0,0,"N",0,4,7,3,1,4,0,1,"No Climb","Not at all","","",""
60,2522,"Y","N","N",0,0,0,3,0,0,0,0,"N",0,0,0,0,2,6,2,3,"No Climb","Not at all","","",""
60,957,"Y","N","N",0,0,0,3,0,0,0,0,"N",0,0,0,4,5,0,2,0,"No Climb","Not at all","","",""
60,3826,"Y","N","N",0,0,0,0,0,0,1,0,"N",0,4,0,0,0,0,0,0,"No Climb","Not at all","","",""
60,2930,"Y","N","N",0,0,0,1,0,0,0,0,"N",0,0,0,2,2,0,0,1,"No Climb","Not at all","","",""
60,4513,"Y","N","N",0,0,0,2,0,0,0,0,"N",0,0,0,3,6,3,0,1,"No Climb","Not at all","","",""
61,955,"Y","N","N",0,0,0,2,0,0,0,0,"N",0,0,0,2,2,5,1,1,"No Climb","Not at all","","",""
61,1778,"Y","N","N",0,0,0,3,0,0,0,0,"N",0,4,2,3,3,2,5,0,"No Climb","Not at all","","",""
61,3674,"Y","N","N",0,0,0,0,0,0,0,1,"N",0,0,0,1,4,6,0,2,"No Climb","Not at all","","",""
61,4469,"Y","N","N",0,0,0,2,0,0,0,0,"N",0,0,0,4,4,2,0,2,"No Climb","Not at all","","",""
61,6696,"Y","N","N",0,0,0,0,0,0,0,0,"N",0,0,1,1,0,0,0,0,"No Climb","Not at all","","",""
61,4450,"Y","N","N",0,0,0,0,0,0,0,0,"N",0,2,0,0,1,4,0,0,"No Climb","Not at all","","",""
62,3218,"Y","N","N",0,0,0,1,0,0,0,0,"N",0,1,0,2,2,2,0,2,"No Climb","Not at all","","",""
62,10416,"Y","N","N",0,0,0,1,0,0,0,0,"N",0,0,0,1,1,0,0,0,"No Climb","Not at all","","",""
62,7034,"Y","N","N",0,0,0,2,0,0,0,1,"N",0,0,0,3,4,3,0,1,"No Climb","Not at all","","",""
62,2557,"Y","N","N",0,0,2,0,0,0,0,0,"N",0,2,4,0,0,0,5,0,"No Climb","Not at all","","",""
62,4512,"Y","N","N",0,0,0,3,0,0,0,0,"N",0,0,0,1,2,6,0,1,"No Climb","Not at all","","",""
62,3663,"Y","N","N",0,0,0,2,0,0,0,0,"N",0,0,0,2,8,5,2,0,"No Climb","Not at all","","",""
63,4125,"Y","N","N",0,0,0,0,0,0,1,0,"N",0,0,0,0,0,0,0,0,"No Climb","Not at all","","",""
63,2976,"Y","N","N",0,0,0,0,0,0,0,1,"N",0,0,0,2,0,0,0,1,"No Climb","Not at all","","",""
63,997,"Y","N","N",0,0,0,0,0,0,0,0,"N",0,0,0,5,0,1,0,1,"No Climb","Not at all","","",""
63,9446,"Y","N","N",0,0,0,0,0,0,0,0,"N",0,3,0,6,0,0,0,0,"No Climb","Not at all","","",""
63,2412,"Y","N","N",0,0,0,0,0,0,0,0,"N",0,0,0,6,1,0,0,5,"No Climb","Not at all","","",""
63,3574,"Y","N","N",0,0,0,0,0,0,0,0,"N",0,0,0,0,1,0,3,0,"No Climb","Not at all","","",""
64,360,"Y","N","N",0,0,0,0,0,0,0,0,"N",0,0,0,6,4,4,0,3,"No Climb","Not at all","","",""
64,9450,"Y","N","N",0,0,0,2,0,0,0,0,"N",0,0,4,6,1,1,1,0,"No Climb","Not at all","","",""
64,2471,"Y","N","N",0,0,0,2,0,0,0,0,"N",0,1,0,0,8,2,2,0,"No Climb","Not at all","","",""
64,2046,"Y","N","N",0,0,0,3,0,0,0,0,"N",0,2,1,4,5,3,0,0,"No Climb","Not at all","","",""
64,3636,"Y","N","N",0,0,0,2,0,0,0,1,"N",0,0,0,1,0,2,0,3,"No Climb","Not at all","","",""
64,1540,"Y","N","N",0,0,0,0,0,0,1,1,"N",1,0,1,3,5,4,1,0,"No Climb","Not at all","","",""
65,6831,"Y","N","N",0,0,0,0,0,0,1,0,"N",0,0,0,0,1,1,2,2,"No Climb","Not at all","","",""
65,492,"Y","N","N",0,0,0,0,0,0,0,1,"N",0,0,0,6,0,3,0,0,"No Climb","Not at all","","",""
65,9442,"Y","N","N",0,0,0,0,0,0,0,1,"N",0,0,0,4,7,5,2,2,"No Climb","Not at all","","",""
65,488,"Y","N","N",0,0,0,2,0,0,0,0,"N",0,0,0,7,3,4,2,1,"No Climb","Not at all","","",""
65,2147,"Y","N","N",0,0,1,1,0,0,0,0,"N",0,0,1,1,2,0,0,0,"No Climb","Not at all","","",""
65,4131,"Y","N","N",0,0,0,0,0,0,1,0,"N",0,3,0,0,0,0,0,0,"No Climb","Not at all","","",""
66,9023,"Y","N","N",0,0,0,2,0,0,0,1,"N",0,0,0,1,4,3,0,0,"No Climb","Not at all","","",""
66,10079,"Y","N","N",0,0,0,3,0,0,0,0,"N",0,3,0,2,6,2,0,1,"No Climb","Not at all","","",""
66,1318,"Y","N","N",0,0,0,1,0,0,0,0,"N",0,0,3,2,3,2,4,1,"No Climb","Not at all","","",""
66,4915,"Y","N","N",0,0,0,3,0,0,0,0,"N",0,0,0,5,1,0,3,0,"No Climb","Not at all","","",""
66,4061,"Y","N","N",0,0,0,0,2,0,0,0,"N",0,0,0,0,2,0,1,0,"No Climb","Not at all","","",""
66,6343,"Y","N","N",0,0,0,1,0,0,0,0,"N",0,0,0,2,3,3,1,3,"No Climb","Not at all","","",""
67,5937,"Y","N","N",0,0,2,0,0,0,0,0,"N",1,6,2,0,0,0,0,0,"No Climb","Not at all","","",""
67,4043,"Y","N","N",0,0,0,1,0,0,0,0,"N",0,0,0,0,0,0,0,0,"No Climb","Not at all","","",""
67,2930,"Y","N","N",0,0,0,1,0,0,0,0,"N",0,0,0,6,3,6,3,2,"No Climb","Not at all","","",""
67,6443,"Y","N","N",0,0,0,1,0,0,0,0,"N",0,0,0,2,3,2,0,0,"No Climb","Not at all","","",""
67,948,"Y","N","N",0,0,0,1,0,0,0,0,"N",0,0,0,3,1,0,0,1,"No Climb","Not at all","","",""
67,3826,"Y","N","N",0,0,0,0,0,0,0,0,"N",1,2,0,0,0,0,0,0,"No Climb","Not at all","","",""
68,997,"Y","N","N",0,0,0,0,0,0,0,1,"N",0,0,0,3,2,0,1,1,"No Climb","Not at all","","",""
68,1778,"Y","N","N",0,0,0,3,0,0,0,0,"N",1,0,2,3,3,8,3,1,"No Climb","Not at all","","",""
68,3663,"Y","N","N",0,0,0,2,0,0,0,1,"N",0,2,0,2,5,4,2,2,"No Climb","Not at all","","",""
68,9036,"Y","N","N",0,0,0,0,0,0,0,0,"N",0,0,0,3,4,2,0,1,"No Climb","Not at all","","",""
68,957,"Y","N","N",0,0,0,2,0,0,0,0,"N",0,0,0,1,1,1,0,0,"No Climb","Not at all","","",""
68,4125,"Y","N","N",0,0,0,0,0,0,1,0,"N",1,6,0,0,0,0,0,0,"No Climb","Not at all","","",""
69,2412,"Y","N","N",0,0,0,1,0,0,0,0,"N",0,0,0,3,4,2,5,0,"No Climb","Not at all","","",""
69,2557,"Y","N","N",0,1,1,0,0,0,0,0,"N",0,1,5,0,0,0,6,0,"No Climb","Not at all","","",""
69,7034,"Y","N","N",0,0,0,3,0,0,0,0,"N",0,0,0,5,6,2,0,0,"No Climb","Not at all","","",""
69,9446,"Y","N","N",0,0,0,0,0,0,0,0,"N",1,1,0,1,0,3,0,3,"No Climb","Not at all","","",""
69,4513,"Y","N","N",0,0,0,1,0,0,0,0,"N",0,0,0,1,0,0,0,0,"No Climb","Not at all","","",""
69,1425,"Y","N","N",0,0,0,3,0,0,0,0,"N",0,0,0,2,1,1,2,3,"No Climb","Not at all","","",""
70,10416,"Y","N","N",0,0,0,1,0,0,0,0,"N",0,0,0,1,3,0,1,1,"No Climb","Not at all","","",""
70,2046,"Y","N","N",0,0,0,3,0,0,0,0,"N",0,0,1,4,6,1,0,2,"No Climb","Not at all","","",""
70,4131,"Y","N","N",0,0,0,0,0,0,1,0,"N",4,9,0,0,0,0,0,0,"No Climb","Not at all","","",""
70,5468,"Y","N","N",0,0,0,3,0,0,0,0,"N",0,0,0,4,5,4,0,0,"No Climb","Not at all","","",""
70,4450,"Y","N","N",0,0,0,0,0,0,0,0,"N",0,4,0,0,0,2,0,0,"No Climb","Not at all","","",""
70,3218,"Y","N","N",0,0,0,1,0,0,0,0,"N",0,3,0,4,4,4,0,0,"No Climb","Not at all","","",""
71,9450,"Y","N","N",0,0,0,2,0,0,0,0,"N",0,1,0,4,3,2,0,0,"No Climb","Not at all","","",""
71,4061,"Y","N","N",0,0,0,0,1,0,0,0,"N",0,0,0,1,3,0,0,0,"No Climb","Not at all","","",""
71,4061,"Y","N","N",0,0,0,0,1,0,0,0,"N",0,0,0,1,3,0,0,0,"No Climb","Not at all","","",""
71,2147,"Y","N","N",0,0,1,1,0,0,0,0,"N",0,1,0,4,3,2,1,3,"No Climb","Not at all","","",""
71,4469,"Y","N","N",0,0,0,3,1,0,0,0,"N",0,0,2,2,2,4,0,2,"No Climb","Not at all","","",""
71,2910,"Y","N","N",0,0,0,2,2,0,0,0,"N",2,3,6,3,2,2,0,0,"No Climb","Not at all","","",""
71,955,"Y","N","N",0,0,0,2,0,0,0,0,"N",0,0,0,0,4,4,4,0,"No Climb","Not at all","","",""
72,3636,"Y","N","N",0,0,0,3,0,0,0,0,"N",1,0,1,7,2,0,0,3,"No Climb","Not at all","","",""
72,6831,"Y","N","N",0,0,0,0,0,0,0,0,"N",0,0,0,0,2,0,1,5,"No Climb","Not at all","","",""
72,3574,"Y","N","N",0,0,0,0,0,0,0,0,"N",0,0,0,6,4,3,1,0,"No Climb","Not at all","","",""
72,9023,"Y","N","N",0,0,0,3,0,0,0,0,"N",0,2,0,5,7,4,0,0,"No Climb","Not at all","","",""
72,948,"Y","N","N",0,0,0,1,0,0,0,1,"N",0,0,0,4,0,2,4,3,"No Climb","Not at all","","",""
73,4512,"Y","N","N",0,0,1,0,0,0,0,0,"N",3,0,0,3,3,3,0,0,"No Climb","Not at all","","",""
73,3674,"Y","N","N",0,0,0,3,0,0,0,0,"N",0,0,0,1,0,4,0,1,"No Climb","Not at all","","",""
73,4915,"Y","N","N",0,0,0,1,0,0,0,1,"N",0,0,0,1,0,2,4,4,"No Climb","Not at all","","",""
73,2522,"Y","N","N",0,0,0,3,0,0,0,0,"N",0,0,0,2,6,6,5,1,"No Climb","Not at all","","",""
73,488,"Y","N","N",0,0,0,1,0,0,0,0,"N",0,0,1,3,1,0,0,1,"No Climb","Not at all","","",""
73,1318,"Y","N","N",0,0,0,2,0,0,0,0,"N",0,0,2,4,2,2,1,0,"No Climb","Not at all","","",""
74,6443,"Y","N","N",0,0,0,1,0,0,0,0,"N",0,0,0,3,0,0,0,1,"No Climb","Not at all","","",""
74,6343,"Y","N","N",0,0,0,0,0,0,0,2,"N",0,0,0,0,1,1,0,0,"No Climb","Not at all","","",""
74,4043,"Y","N","N",0,0,0,0,0,0,0,1,"N",0,0,0,0,0,0,0,0,"No Climb","Not at all","","",""
74,9567,"Y","N","N",0,0,0,0,1,0,0,0,"N",1,4,0,0,0,0,1,0,"No Climb","Not at all","","",""
74,2471,"Y","N","N",0,0,0,0,0,0,0,0,"N",0,0,0,0,3,4,1,3,"No Climb","Not at all","","",""
74,2976,"Y","N","N",0,0,0,1,0,0,0,0,"N",0,0,0,4,0,0,1,2,"No Climb","Not at all","","",""
75,492,"Y","N","N",0,0,0,1,0,0,0,0,"N",0,0,0,2,3,3,1,0,"No Climb","Not at all","","",""
75,10079,"Y","N","N",0,0,0,3,0,0,0,0,"N",0,0,0,2,1,1,1,1,"No Climb","Not at all","","",""
75,1540,"Y","N","N",0,0,0,3,0,0,0,0,"N",0,2,0,2,7,4,3,0,"No Climb","Not at all","","",""
75,6696,"Y","N","N",0,0,0,1,0,0,0,0,"N",0,0,0,3,5,4,2,3,"No Climb","Not at all","","",""
75,5937,"Y","N","N",0,0,1,0,0,0,0,0,"N",1,2,8,0,0,0,0,0,"No Climb","Not at all","","",""
75,9442,"Y","N","N",0,0,0,0,0,0,0,0,"N",0,0,0,0,0,0,0,0,"No Climb","Not at all","","",""
76,3826,"Y","N","N",0,0,0,0,0,0,1,0,"N",0,0,0,0,0,0,0,0,"No Climb","Not at all","","",""
76,9036,"Y","N","N",0,0,0,0,0,0,1,0,"N",0,0,0,6,2,2,1,1,"No Climb","Not at all","","",""
76,9450,"Y","N","N",0,0,0,2,0,0,0,0,"N",0,0,2,3,3,2,2,0,"No Climb","Not at all","","",""
76,3218,"Y","N","N",0,0,0,1,0,0,0,0,"N",0,0,1,3,3,1,0,4,"No Climb","Not at all","","",""
76,957,"Y","N","N",0,0,0,2,0,0,0,0,"N",0,0,3,4,0,0,0,0,"No Climb","Not at all","","",""
76,2147,"Y","N","N",0,0,1,1,0,0,0,0,"N",0,0,4,3,2,1,0,0,"No Climb","Not at all","","",""
77,948,"Y","N","N",0,0,0,1,0,0,0,0,"N",0,0,0,0,4,3,2,2,"No Climb","Not at all","","",""
77,1425,"Y","N","N",0,0,0,2,0,0,0,0,"N",0,0,0,0,2,0,0,0,"No Climb","Not at all","","",""
77,955,"Y","N","N",0,0,0,2,0,0,1,0,"N",0,0,0,5,1,0,0,0,"No Climb","Not at all","","",""
77,9023,"Y","N","N",0,0,0,2,0,0,0,0,"N",0,0,0,4,4,7,3,1,"No Climb","Not at all","","",""
77,4125,"Y","N","N",0,0,0,0,0,0,0,1,"N",0,0,0,0,0,0,0,0,"No Climb","Not at all","","",""
77,1778,"Y","N","N",0,0,0,1,0,0,0,0,"N",0,0,3,5,6,3,5,1,"No Climb","Not at all","","",""
78,997,"Y","N","N",0,0,0,0,0,0,0,0,"N",0,0,0,3,2,1,1,2,"No Climb","Not at all","","",""
78,360,"Y","N","N",0,0,0,2,0,0,0,1,"N",1,2,0,4,0,1,0,2,"No Climb","Not at all","","",""
78,4061,"Y","N","N",0,0,0,0,2,0,0,0,"N",0,0,0,1,6,4,0,2,"No Climb","Not at all","","",""
78,3663,"Y","N","N",0,0,0,3,0,0,0,0,"N",0,1,0,4,4,5,2,1,"No Climb","Not at all","","",""
78,10416,"Y","N","N",0,0,0,1,0,0,0,0,"N",0,0,0,2,2,1,2,2,"No Climb","Not at all","","",""
78,4469,"Y","N","N",0,0,0,1,0,0,0,0,"N",0,0,1,1,6,7,0,0,"No Climb","Not at all","","",""
79,2471,"Y","N","N",0,0,0,0,2,0,0,0,"N",0,2,1,0,6,1,0,1,"No Climb","Not at all","","",""
79,6443,"Y","N","N",0,0,0,1,0,0,0,0,"N",0,0,0,2,0,2,0,0,"No Climb","Not at all","","",""
79,2930,"Y","N","N",0,0,0,3,0,0,0,0,"N",0,0,0,4,3,7,0,3,"No Climb","Not at all","","",""
79,3674,"Y","N","N",0,0,0,2,0,0,0,0,"N",0,0,0,9,1,0,0,1,"No Climb","Not at all","","",""
79,6831,"Y","N","N",0,0,2,0,0,0,0,0,"N",0,2,1,1,3,2,1,0,"No Climb","Not at all","","",""
79,2557,"Y","N","N",1,0,1,0,0,0,1,0,"N",2,2,1,0,0,0,9,0,"No Climb","Not at all","","",""
80,6343,"Y","N","N",0,0,0,2,0,0,0,0,"N",0,0,0,3,3,2,0,1,"No Climb","Not at all","","",""
80,2522,"Y","N","N",0,0,0,3,0,0,0,0,"N",0,0,0,1,1,3,1,0,"No Climb","Not at all","","",""
80,9446,"Y","N","N",0,0,0,0,0,0,0,0,"N",0,0,0,3,1,0,0,4,"No Climb","Not at all","","",""
80,4512,"Y","N","N",0,0,0,2,0,0,0,0,"N",1,0,3,2,3,2,0,0,"No Climb","Not at all","","",""
80,492,"Y","N","N",0,0,0,0,0,0,0,1,"N",0,0,0,0,0,1,4,5,"No Climb","Not at all","","",""
80,5468,"Y","N","N",0,0,0,3,0,0,0,0,"N",0,0,0,4,6,5,0,2,"No Climb","Not at all","","",""
81,9442,"Y","N","N",0,0,0,3,0,0,0,0,"N",0,0,0,2,8,4,5,1,"No Climb","Not at all","","",""
81,10079,"Y","N","N",0,0,0,2,0,0,0,0,"N",0,3,0,0,1,5,2,0,"No Climb","Not at all","","",""
81,4131,"Y","N","N",0,0,0,1,0,0,0,0,"N",2,1,0,0,0,0,0,0,"No Climb","Not at all","","",""
81,2910,"Y","N","N",0,0,0,3,0,0,0,1,"N",0,0,5,7,4,0,7,1,"No Climb","Not at all","","",""
81,2976,"Y","N","N",0,0,0,1,0,0,0,0,"N",0,0,0,0,3,3,0,4,"No Climb","Not at all","","",""
82,2412,"Y","N","N",0,0,0,1,0,0,0,0,"N",0,0,0,5,3,5,0,5,"No Climb","Not at all","","",""
82,4915,"Y","N","N",0,0,0,1,0,0,0,0,"N",0,0,0,4,8,1,0,0,"No Climb","Not at all","","",""
82,5937,"Y","N","N",1,0,0,0,0,0,0,0,"N",4,2,6,0,0,0,0,0,"No Climb","Not at all","","",""
82,6696,"Y","N","N",0,0,0,2,0,0,0,0,"N",1,0,3,1,1,1,0,0,"No Climb","Not at all","","",""
82,4043,"Y","N","N",0,0,0,2,0,0,0,0,"N",0,0,0,4,2,3,0,0,"No Climb","Not at all","","",""
82,2046,"Y","N","N",0,0,0,3,0,0,0,0,"N",0,3,0,1,5,5,3,2,"No Climb","Not at all","","",""
83,4513,"Y","N","N",0,0,0,0,0,0,0,2,"N",0,0,0,7,3,1,0,5,"No Climb","Not at all","","",""
83,3574,"Y","N","N",0,0,0,0,0,0,0,0,"N",0,0,0,0,0,6,0,0,"No Climb","Not at all","","",""
83,4450,"Y","N","N",0,0,1,1,0,0,0,0,"N",0,1,0,1,3,0,1,3,"No Climb","Not at all","","",""
83,7034,"Y","N","N",0,0,0,2,0,0,0,0,"N",0,0,0,3,6,2,0,1,"No Climb","Not at all","","",""
83,9567,"Y","N","N",0,0,0,0,0,0,1,0,"N",1,3,0,0,0,0,0,0,"No Climb","Not at all","","",""
83,1318,"Y","N","N",0,0,0,2,0,0,0,0,"N",0,0,0,2,5,4,0,0,"No Climb","Not at all","","",""
84,488,"Y","N","N",0,0,0,0,0,0,1,2,"N",0,0,0,6,5,1,0,3,"No Climb","Not at all","","",""
84,6443,"Y","N","N",0,0,0,1,0,0,0,0,"N",0,0,0,0,0,0,0,1,"No Climb","Not at all","","",""
84,4469,"Y","N","N",0,0,1,1,0,0,0,0,"N",0,0,2,4,4,5,0,0,"No Climb","Not at all","","",""
84,1540,"Y","N","N",0,0,0,1,0,0,1,1,"N",0,0,2,7,2,1,0,4,"No Climb","Not at all","","",""
84,3218,"Y","N","N",0,0,0,1,0,0,0,0,"N",0,1,0,0,1,1,0,2,"No Climb","Not at all","","",""
84,2471,"Y","N","N",0,0,0,0,0,0,0,0,"N",0,2,0,0,6,4,0,0,"No Climb","Not at all","","",""
85,5468,"Y","N","N",0,0,0,1,0,0,0,1,"N",0,0,0,8,7,1,0,2,"No Climb","Not at all","","",""
85,4061,"Y","N","N",0,0,0,0,3,0,0,0,"N",0,0,0,0,1,5,1,0,"No Climb","Not at all","","",""
85,9446,"Y","N","N",0,0,0,0,0,0,0,0,"N",0,0,0,0,0,0,0,4,"No Climb","Not at all","","",""
85,957,"Y","N","N",0,0,0,1,0,0,0,0,"N",0,0,0,5,2,1,2,1,"No Climb","Not at all","","",""
85,360,"Y","N","N",0,0,0,1,0,0,0,0,"N",0,1,0,0,0,1,0,2,"No Climb","Not at all","","",""
85,3674,"Y","N","N",0,0,0,1,0,0,0,1,"N",0,0,0,1,8,3,0,1,"No Climb","Not at all","","",""
999,2412,"Y","N","N",0,0,0,0,0,0,0,0,"N",3,0,8,0,0,0,0,0,"No Climb","Not at all","","",""